,Round 1,Round 1,,,,,,NHL Scoring Stats,NHL Scoring Stats,NHL Scoring Stats,NHL Scoring Stats,NHL Scoring Stats,NHL Scoring Stats,NHL Goalie Stats,NHL Goalie Stats,NHL Goalie Stats,NHL Goalie Stats,NHL Goalie Stats,NHL Goalie Stats
Overall,Team,Player,Nat.,Pos,Age,To,Amateur Team,GP,G,A,PTS,+/-,PIM,GP,W,L,T/O,SV%,GAA
1,Colorado Avalanche,Nathan MacKinnon\mackina01,CA,C,18,2016,Halifax (QMJHL),218,59,94,153,9,80,,,,,,
2,Florida Panthers,Aleksander Barkov\barkoal01,FI,C,18,2016,Tappara (Finland),191,52,67,119,11,34,,,,,,
3,Tampa Bay Lightning,Jonathan Drouin\drouijo01,CA,LW,18,2016,Halifax (QMJHL),91,8,34,42,4,38,,,,,,
4,Nashville Predators,Seth Jones\jonesse01,US,D,18,2016,Portland (WHL),240,17,66,83,-34,66,,,,,,
5,Carolina Hurricanes,Elias Lindholm\lindhel01,SE,C,18,2016,Brynas (Sweden),221,37,62,99,-60,42,,,,,,
6,Calgary Flames,Sean Monahan\monahse01,CA,C,18,2016,Ottawa (OHL),237,80,79,159,-18,38,,,,,,
7,Edmonton Oilers,Darnell Nurse\nurseda01,CA,D,18,2016,Sault Ste. Marie (OHL),71,3,7,10,-15,60,,,,,,
8,Buffalo Sabres,Rasmus Ristolainen\ristora01,FI,D,18,2016,TPS (Finland),194,19,46,65,-68,65,,,,,,
9,Vancouver Canucks,Bo Horvat\horvabo01,CA,C,18,2016,London (OHL),150,29,36,65,-38,34,,,,,,
10,Dallas Stars,Valeri Nichushkin\nichuva01,RU,RW,18,2016,Chelyabinsk (KHL),166,23,41,64,17,22,,,,,,
11,Philadelphia Flyers,Samuel Morin\morinsa01,CA,D,18,,Rimouski (QMJHL),,,,,,,,,,,,
12,Phoenix Coyotes,Max Domi\domima01,CA,C/LW,18,2016,London (OHL),81,18,34,52,3,72,,,,,,
13,Winnipeg Jets,Josh Morrissey\morrijo04,CA,D,18,2016,Prince Albert (WHL),1,0,0,0,0,0,,,,,,
14,Columbus Blue Jackets,Alexander Wennberg\wennbal01,SE,C,18,2016,Djurgarden (Sweden-2),137,12,48,60,-20,24,,,,,,
15,New York Islanders,Ryan Pulock\pulocry01,CA,D,18,2016,Brandon (WHL),15,2,2,4,1,5,,,,,,
16,Buffalo Sabres,Nikita Zadorov\zadorni01,RU,D,18,2016,London (OHL),89,4,14,18,-19,67,,,,,,
17,Ottawa Senators,Curtis Lazar\lazarcu01,CA,C/RW,18,2016,Edmonton (WHL),143,12,23,35,0,32,,,,,,
18,San Jose Sharks,Mirco Mueller\muellmi01,CH,D,18,2016,Everett (WHL),50,1,3,4,-12,17,,,,,,
19,Columbus Blue Jackets,Kerby Rychel\rycheke01,US,LW,18,2016,Windsor (OHL),37,2,10,12,8,17,,,,,,
20,Detroit Red Wings,Anthony Mantha\manthan01,CA,RW,18,2016,Val-D'Or (QMJHL),10,2,1,3,-6,2,,,,,,
21,Toronto Maple Leafs,Frederik Gauthier\gauthfr01,CA,C,18,2016,Rimouski (QMJHL),7,0,1,1,-5,0,,,,,,
22,Calgary Flames,Emile Poirier\poiriem01,CA,LW,18,2016,Gatineau (QMJHL),8,0,1,1,0,2,,,,,,
23,Washington Capitals,Andre Burakovsky\burakan01,AT,LW,18,2016,Malmo (Sweden-2),132,26,34,60,16,22,,,,,,
24,Vancouver Canucks,Hunter Shinkaruk\shinkhu01,CA,C/LW,18,2016,Medicine Hat (WHL),8,2,1,3,-4,2,,,,,,
25,Montreal Canadiens,Michael McCarron\mccarmi01,US,RW,18,2016,USA U-18 (USHL),20,1,1,2,-10,37,,,,,,
26,Anaheim Ducks,Shea Theodore\theodsh01,CA,D,18,2016,Seattle (WHL),19,3,5,8,7,2,,,,,,
27,Columbus Blue Jackets,Marko Dano\danoma01,AT,C,18,2016,Bratislava (KHL),69,13,18,31,5,24,,,,,,
28,Calgary Flames,Morgan Klimchuk\klimcmo01,CA,LW,18,,Regina (WHL),,,,,,,,,,,,
29,Dallas Stars,Jason Dickinson\dickija01,CA,C,18,2016,Guelph (OHL),1,1,0,1,1,0,,,,,,
30,Chicago Blackhawks,Ryan Hartman\hartmry01,US,RW,18,2016,Plymouth (OHL),8,0,1,1,-2,2,,,,,,
,Round 2,Round 2,,,,,,NHL Scoring Stats,NHL Scoring Stats,NHL Scoring Stats,NHL Scoring Stats,NHL Scoring Stats,NHL Scoring Stats,NHL Goalie Stats,NHL Goalie Stats,NHL Goalie Stats,NHL Goalie Stats,NHL Goalie Stats,NHL Goalie Stats
Overall,Team,Player,Nat.,Pos,Age,To,Amateur Team,GP,G,A,PTS,+/-,PIM,GP,W,L,T/O,SV%,GAA
31,Florida Panthers,Ian McCoshen\mccosia01,US,D,18,,Waterloo (USHL),,,,,,,,,,,,
32,Colorado Avalanche,Chris Bigras\bigrach01,CA,D,18,2016,Owen Sound (OHL),31,1,2,3,-2,16,,,,,,
33,Tampa Bay Lightning,Adam Erne\ernead01,US,LW,18,,Quebec (QMJHL),,,,,,,,,,,,
34,Montreal Canadiens,Jacob De La Rose\delarja01,SE,LW,18,2016,Leksand (Sweden-2),55,4,3,7,-11,18,,,,,,
35,Buffalo Sabres,J.T. Compher\comphj.01,US,LW,18,,USA U-18 (USHL),,,,,,,,,,,,
36,Montreal Canadiens,Zachary Fucale\fucalza01,CA,G,18,,Halifax (QMJHL),,,,,,,,,,,,
37,Los Angeles Kings,Valentin Zykov\zykovva01,RU,LW,18,,Baie-Comeau (QMJHL),,,,,,,,,,,,
38,Buffalo Sabres,Connor Hurley\hurleco01,US,C,18,,Edina High (High-MN),,,,,,,,,,,,
39,Phoenix Coyotes,Laurent Dauphin\dauphla01,CA,C,18,2016,Chicoutimi (QMJHL),8,1,0,1,0,4,,,,,,
40,Dallas Stars,Remi Elie\eliere01,CA,LW,18,,London (OHL),,,,,,,,,,,,
41,Philadelphia Flyers,Robert Hagg\haggro01,SE,D,18,,Modo Jr. (Sweden-Jr.),,,,,,,,,,,,
42,New Jersey Devils,Steven Santini\santist01,US,D,18,2016,USA U-18 (USHL),1,0,0,0,2,2,,,,,,
43,Winnipeg Jets,Nic Petan\petanni01,CA,C,18,2016,Portland (WHL),26,2,4,6,2,10,,,,,,
44,Pittsburgh Penguins,Tristan Jarry\jarrytr01,CA,G,18,,Edmonton (WHL),,,,,,,,,,,,
45,Anaheim Ducks,Nick Sorensen\sorenni01,DK,RW,18,,Quebec (QMJHL),,,,,,,,,,,,
46,Minnesota Wild,Gustav Olofsson\olofsgu01,SE,D,18,2016,Green Bay (USHL),2,0,0,0,0,0,,,,,,
47,St. Louis Blues,Thomas Vannelli\vanneth01,US,D,18,,Minnetonka (High-MN),,,,,,,,,,,,
48,Detroit Red Wings,Zach Nastasiuk\nastaza01,CA,RW,18,,Owen Sound (OHL),,,,,,,,,,,,
49,San Jose Sharks,Gabryel Boudreau\boudrga01,CA,LW,18,,Baie-Comeau (QMJHL),,,,,,,,,,,,
50,Columbus Blue Jackets,Dillon Heatherington\heathdi01,CA,D,18,,Swift Current (WHL),,,,,,,,,,,,
51,Chicago Blackhawks,Carl Dahlstrom\dahlsca01,SE,D,18,,Linkoping Jr. (Sweden-Jr.),,,,,,,,,,,,
52,Buffalo Sabres,Justin Bailey\baileju01,US,RW,18,2016,Kitchener (OHL),8,0,0,0,-2,2,,,,,,
53,Washington Capitals,Madison Bowey\boweyma01,CA,D,18,,Kelowna (WHL),,,,,,,,,,,,
54,Dallas Stars,Philippe Desrosiers\desroph01,CA,G,18,,Rimouski (QMJHL),,,,,,,,,,,,
55,Montreal Canadiens,Artturi Lehkonen\lehkoar01,FI,LW,18,,Kalpa (Finland),,,,,,,,,,,,
56,Edmonton Oilers,Marc-Olivier Roy\royma03,CA,C,18,,Blainville-Boisbriand (QMJHL),,,,,,,,,,,,
57,St. Louis Blues,William Carrier\carriwi01,CA,LW,18,,Cape Breton (QMJHL),,,,,,,,,,,,
58,Detroit Red Wings,Tyler Bertuzzi\bertuty01,CA,LW,18,,Guelph (OHL),,,,,,,,,,,,
59,Winnipeg Jets,Eric Comrie\comrier01,CA,G,18,,Tri-City (WHL),,,,,,,,,,,,
60,Boston Bruins,Linus Arnesson\arnesli01,SE,D,18,,Djurgarden (Sweden-2),,,,,,,,,,,,
61,Washington Capitals,Zachary Sanford\sanfoza01,US,LW,18,,Islanders (EJHL),,,,,,,,,,,,
,Round 3,Round 3,,,,,,NHL Scoring Stats,NHL Scoring Stats,NHL Scoring Stats,NHL Scoring Stats,NHL Scoring Stats,NHL Scoring Stats,NHL Goalie Stats,NHL Goalie Stats,NHL Goalie Stats,NHL Goalie Stats,NHL Goalie Stats,NHL Goalie Stats
Overall,Team,Player,Nat.,Pos,Age,To,Amateur Team,GP,G,A,PTS,+/-,PIM,GP,W,L,T/O,SV%,GAA
62,Phoenix Coyotes,Pavel Laplante\laplapa01,CA,C,18,,PEI (QMJHL),,,,,,,,,,,,
63,Colorado Avalanche,Spencer Martin\martisp01,CA,G,18,,Mississauga (OHL),,,,,,,,,,,,
64,Nashville Predators,Jonathan Diaby\diabyjo01,CA,D,18,,Victoriaville (QMJHL),,,,,,,,,,,,
65,New York Rangers,Adam Tambellini\tambead01,CA,C,18,,Surrey (BCHL),,,,,,,,,,,,
66,Carolina Hurricanes,Brett Pesce\pescebr01,US,D,18,2016,New Hampshire (H-East),69,4,12,16,-7,16,,,,,,
67,Calgary Flames,Keegan Kanzig\kanzike01,CA,D,18,,Victoria (WHL),,,,,,,,,,,,
68,Dallas Stars,Niklas Hansson\hanssni01,SE,D,18,,Rogle Jr. (Sweden-Jr.),,,,,,,,,,,,
69,Buffalo Sabres,Nicholas Baptiste\baptini01,CA,RW,18,,Sudbury (OHL),,,,,,,,,,,,
70,New York Islanders,Eamon McAdam\mcadaea01,US,G,18,,Waterloo (USHL),,,,,,,,,,,,
71,Montreal Canadiens,Connor Crisp\crispco01,CA,LW,19,,Erie (OHL),,,,,,,,,,,,
72,Philadelphia Flyers,Tyrell Goulbourne\goulbty01,CA,LW,19,,Kelowna (WHL),,,,,,,,,,,,
73,New Jersey Devils,Ryan Kujawinski\kujawry01,CA,C,18,,Kingston (OHL),,,,,,,,,,,,
74,Chicago Blackhawks,John Hayden\haydejo01,US,C,18,,USA U-18 (USHL),,,,,,,,,,,,
75,New York Rangers,Pavel Buchnevich\buchnpa01,RU,LW,18,,Cherepovets 2 (Russia-Jr.),,,,,,,,,,,,
76,New York Islanders,Taylor Cammarata\cammata01,US,C/LW,18,,Waterloo (USHL),,,,,,,,,,,,
77,Pittsburgh Penguins,Jake Guentzel\guentja01,US,C,18,,Sioux City (USHL),,,,,,,,,,,,
78,Ottawa Senators,Marcus Hogberg\hogbema01,SE,G,18,,Linkoping Jr. (Sweden-Jr.),,,,,,,,,,,,
79,Detroit Red Wings,Mattias Janmark\janmama02,SE,C,20,2016,AIK (Sweden),73,15,14,29,12,16,,,,,,
80,New York Rangers,Anthony Duclair\duclaan01,CA,LW,18,2016,Quebec (QMJHL),99,21,30,51,16,53,,,,,,
81,Minnesota Wild,Kurtis Gabriel\gabriku01,CA,RW,20,2016,Owen Sound (OHL),3,0,0,0,1,10,,,,,,
82,Toronto Maple Leafs,Carter Verhaeghe\verhaca01,CA,C,18,,Niagara (OHL),,,,,,,,,,,,
83,Edmonton Oilers,Bogdan Yakimov\yakimbo01,RU,C,18,2015,Nizhnekamsk 2 (Russia-Jr.),1,0,0,0,-1,0,,,,,,
84,Winnipeg Jets,Jimmy Lodge\lodgeji01,US,C,18,,Saginaw (OHL),,,,,,,,,,,,
85,Vancouver Canucks,Cole Cassels\casseco01,US,C,18,,Oshawa (OHL),,,,,,,,,,,,
86,Montreal Canadiens,Sven Andrighetto\andrisv01,CH,RW,20,2016,Rouyn-Noranda (QMJHL),56,9,11,20,1,6,,,,,,
87,Anaheim Ducks,Keaton Thompson\thompke02,US,D,18,,USA U-18 (USHL),,,,,,,,,,,,
88,Edmonton Oilers,Anton Slepyshev\slepyan01,RU,LW,19,2016,Ufa (Russia),11,0,1,1,-5,2,,,,,,
89,Columbus Blue Jackets,Oliver Bjorkstrand\bjorkol01,DK,RW,18,2016,Portland (WHL),12,4,4,8,6,0,,,,,,
90,Boston Bruins,Peter Cehlarik\cehlape01,SK,LW,18,,Lulea Jr. (Sweden-Jr.),,,,,,,,,,,,
91,Winnipeg Jets,J.C. Lipon\liponj.01,CA,RW,20,2016,Kamloops (WHL),9,0,1,1,0,5,,,,,,
,Round 4,Round 4,,,,,,NHL Scoring Stats,NHL Scoring Stats,NHL Scoring Stats,NHL Scoring Stats,NHL Scoring Stats,NHL Scoring Stats,NHL Goalie Stats,NHL Goalie Stats,NHL Goalie Stats,NHL Goalie Stats,NHL Goalie Stats,NHL Goalie Stats
Overall,Team,Player,Nat.,Pos,Age,To,Amateur Team,GP,G,A,PTS,+/-,PIM,GP,W,L,T/O,SV%,GAA
92,Florida Panthers,Evan Cowley\cowleev01,CA,G,18,,Wichita Falls (NAHL),,,,,,,,,,,,
93,Colorado Avalanche,Mason Geertsen\geertma01,CA,D,18,,Vancouver (WCHL),,,,,,,,,,,,
94,Edmonton Oilers,Jackson Houck\houckja01,CA,RW,18,,Vancouver (WCHL),,,,,,,,,,,,
95,Nashville Predators,Felix Girard\girarfe01,CA,C,19,,Baie-Comeau (QMJHL),,,,,,,,,,,,
96,Edmonton Oilers,Kyle Platzer\platzky01,CA,C,18,,London (OHL),,,,,,,,,,,,
97,Florida Panthers,Michael Downing\downimi01,US,D,18,,Dubuque (USHL),,,,,,,,,,,,
98,Florida Panthers,Matt Buckles\bucklma01,CA,C,18,,St. Michaels (OJHL),,,,,,,,,,,,
99,Nashville Predators,Juuse Saros\sarosju01,FI,G,18,2016,HPK Jr. (Finland-Jr.),1,0,0,0,0,0,1,0,1,0,.870,3.10
100,New Jersey Devils,Miles Wood\woodmi01,US,LW,18,2016,Nobles (High-MA),1,0,0,0,0,0,,,,,,
101,Dallas Stars,Nick Paul\paulni01,CA,LW,18,2016,Brampton (OHL),24,2,3,5,-3,6,,,,,,
102,Ottawa Senators,Tobias Lindberg\lindbto01,SE,RW,18,2016,Djurgarden Jr. (Sweden-Jr.),6,0,2,2,0,4,,,,,,
103,Los Angeles Kings,Justin Auger\augerju01,CA,RW,19,,Guelph (OHL),,,,,,,,,,,,
104,Winnipeg Jets,Andrew Copp\coppan01,US,C,19,2016,Michigan (CCHA),78,7,7,14,10,6,,,,,,
105,Columbus Blue Jackets,Nick Moutrey\moutrni01,CA,C/LW,18,,Saginaw (OHL),,,,,,,,,,,,
106,New York Islanders,Stephon Williams\willist01,US,G,20,,Minnesota State (WCHA),,,,,,,,,,,,
107,Minnesota Wild,Dylan Labbe\labbedy01,CA,D,18,,Shawinigan (QMJHL),,,,,,,,,,,,
108,Ottawa Senators,Ben Harpur\harpube01,CA,D,18,2016,Guelph (OHL),5,0,1,1,1,2,,,,,,
109,Detroit Red Wings,David Pope\popeda01,CA,LW,18,,West Kelowna (BCHL),,,,,,,,,,,,
110,New York Rangers,Ryan Graves\gravery01,CA,D,18,,PEI (QMJHL),,,,,,,,,,,,
111,Chicago Blackhawks,Robin Norell\norelro01,SE,D,18,,Djurgarden Jr. (Sweden-Jr.),,,,,,,,,,,,
112,St. Louis Blues,Zach Pochiro\pochiza01,US,LW,19,,Prince George (WHL),,,,,,,,,,,,
113,Edmonton Oilers,Aidan Muir\muirai01,CA,W,18,,Victory Honda Midget (MWEHL),,,,,,,,,,,,
114,Winnipeg Jets,Jan Kostalek\kostaja02,CZ,D,18,,Rimouski (QMJHL),,,,,,,,,,,,
115,Vancouver Canucks,Jordan Subban\subbajo01,CA,D,18,,Belleville (OHL),,,,,,,,,,,,
116,Montreal Canadiens,Martin Reway\rewayma01,CZ,LW,18,,Gatineau (QMJHL),,,,,,,,,,,,
117,San Jose Sharks,Fredrik Bergvik\bergvfr01,SE,G,18,,Frolunda Jr. (Sweden-Jr.),,,,,,,,,,,,
118,Los Angeles Kings,Hudson Fasching\faschhu01,US,RW,18,2016,USA U-18 (USHL),7,1,1,2,2,4,,,,,,
119,Pittsburgh Penguins,Ryan Segalla\segalry01,US,D,18,,Salisbury (HIGH-CT),,,,,,,,,,,,
120,Boston Bruins,Ryan Fitzgerald\fitzgry01,US,C,18,,Valley (EJHL),,,,,,,,,,,,
121,Chicago Blackhawks,Tyler Motte\mottety01,US,C,18,,USA U-18 (USHL),,,,,,,,,,,,
,Round 5,Round 5,,,,,,NHL Scoring Stats,NHL Scoring Stats,NHL Scoring Stats,NHL Scoring Stats,NHL Scoring Stats,NHL Scoring Stats,NHL Goalie Stats,NHL Goalie Stats,NHL Goalie Stats,NHL Goalie Stats,NHL Goalie Stats,NHL Goalie Stats
Overall,Team,Player,Nat.,Pos,Age,To,Amateur Team,GP,G,A,PTS,+/-,PIM,GP,W,L,T/O,SV%,GAA
122,Florida Panthers,Christopher Clapperton\clappch01,CA,LW,19,,Blainville-Boisbriand (QMJHL),,,,,,,,,,,,
123,Colorado Avalanche,Will Butcher\butchwi01,US,D,18,,USA U-18 (USHL),,,,,,,,,,,,
124,Tampa Bay Lightning,Kristers Gudlevskis\gudlekr01,LV,G,21,2016,Riga 2 (Russia-Jr.),2,0,0,0,0,0,2,1,0,1,.957,1.50
125,Nashville Predators,Saku Maenalanen\maenasa01,FI,RW,19,,Karpat Jr. (Finland-Jr.),,,,,,,,,,,,
126,Carolina Hurricanes,Brent Pedersen\pederbr01,CA,LW,18,,Kitchener (OHL),,,,,,,,,,,,
127,Winnipeg Jets,Tucker Poolman\poolmtu01,US,D,20,,Omaha (USHL),,,,,,,,,,,,
128,Edmonton Oilers,Evan Campbell\campbev01,CA,LW,20,,Langley (BCHL),,,,,,,,,,,,
129,Buffalo Sabres,Calvin Petersen\peterca01,US,G,18,,Waterloo (USHL),,,,,,,,,,,,
130,Buffalo Sabres,Gustav Possler\posslgu01,SE,RW,18,,Modo Jr. (Sweden-Jr.),,,,,,,,,,,,
131,Dallas Stars,Cole Ully\ullyco01,CA,LW,18,,Kamloops (WHL),,,,,,,,,,,,
132,Philadelphia Flyers,Terrance Amorosa\amorote01,CA,D,18,,Holderness (High-NH),,,,,,,,,,,,
133,Phoenix Coyotes,Connor Clifton\cliftco01,US,D,18,,USA U-18 (USHL),,,,,,,,,,,,
134,Chicago Blackhawks,Luke Johnson\johnslu01,US,C,18,,Lincoln (USHL),,,,,,,,,,,,
135,Calgary Flames,Eric Roy\royer03,CA,D,18,,Brandon (WHL),,,,,,,,,,,,
136,New York Islanders,Victor CrusRydberg\crusrvi01,SE,C,18,,Linkoping Jr. (Sweden-Jr.),,,,,,,,,,,,
137,Minnesota Wild,Carson Soucy\soucyca01,CA,D,19,,Spruce Grove (AJHL),,,,,,,,,,,,
138,Ottawa Senators,Vincent Dunn\dunnvi01,CA,C,18,,Val-D'Or (QMJHL),,,,,,,,,,,,
139,Detroit Red Wings,Mitchell Wheaton\wheatmi01,CA,D,18,,Kelowna (WHL),,,,,,,,,,,,
140,Nashville Predators,Teemu Kivihalme\kivihte01,US,D,18,,Burnsville (High-MN),,,,,,,,,,,,
141,San Jose Sharks,Michael Brodzinski\brodzmi01,US,D,18,,Muskegon (USHL),,,,,,,,,,,,
142,Toronto Maple Leafs,Fabrice Herzog\herzofa01,CH,RW,18,,Zug Jr. (Swiss-Jr.),,,,,,,,,,,,
143,Buffalo Sabres,Anthony Florentino\florean01,US,D,18,,Selects U18 - South Kent (HIGH-CT),,,,,,,,,,,,
144,Washington Capitals,Blake Heinrich\heinrbl01,US,D,18,,Sioux City (USHL),,,,,,,,,,,,
145,Vancouver Canucks,Anton Cederholm\cederan01,SE,D,18,,Rogle Jr. (Sweden-Jr.),,,,,,,,,,,,
146,Los Angeles Kings,Patrik Bartosak\bartopa01,CZ,G,20,,Red Deer (WHL),,,,,,,,,,,,
147,Anaheim Ducks,Grant Besse\bessegr01,US,RW,19,,Benilde-St.Margaret's (High-MN),,,,,,,,,,,,
148,Los Angeles Kings,Jonny Brodzinski\brodzjo01,US,C,20,,St. Cloud State (WCHA),,,,,,,,,,,,
149,Dallas Stars,Matej Paulovic\pauloma01,SK,LW,18,,Farjestad Jr. (Sweden-Jr.),,,,,,,,,,,,
150,Boston Bruins,Wiley Sherman\shermwi01,US,D,18,,Hotchkiss School (HIGH-CT),,,,,,,,,,,,
151,San Jose Sharks,Gage Ausmus\ausmuga01,US,D,18,,USA U-18 (USHL),,,,,,,,,,,,
,Round 6,Round 6,,,,,,NHL Scoring Stats,NHL Scoring Stats,NHL Scoring Stats,NHL Scoring Stats,NHL Scoring Stats,NHL Scoring Stats,NHL Goalie Stats,NHL Goalie Stats,NHL Goalie Stats,NHL Goalie Stats,NHL Goalie Stats,NHL Goalie Stats
Overall,Team,Player,Nat.,Pos,Age,To,Amateur Team,GP,G,A,PTS,+/-,PIM,GP,W,L,T/O,SV%,GAA
152,Florida Panthers,Joshua Brown\brownjo01,CA,D,19,,Oshawa (OHL),,,,,,,,,,,,
153,Colorado Avalanche,Ben Storm\stormbe01,US,D,19,,Muskegon (USHL),,,,,,,,,,,,
154,Tampa Bay Lightning,Henri Ikonen\ikonehe01,FI,LW,19,,Kingston (OHL),,,,,,,,,,,,
155,Nashville Predators,Emil Pettersson\petteem01,SE,C,19,,Timra Jr. (Sweden-Jr.),,,,,,,,,,,,
156,Carolina Hurricanes,Tyler Ganly\ganlyty01,CA,D,18,,Sault Ste. Marie (OHL),,,,,,,,,,,,
157,Calgary Flames,Tim Harrison\harriti01,US,RW,19,,Dexter Prep (High-MA),,,,,,,,,,,,
158,Edmonton Oilers,Ben Betker\betkebe01,CA,D,18,,Everett (WHL),,,,,,,,,,,,
159,Buffalo Sabres,Sean Malone\malonse01,US,C,18,,USA U-18 (USHL),,,,,,,,,,,,
160,New Jersey Devils,Myles Bell\bellmy01,CA,RW,20,,Kelowna (WHL),,,,,,,,,,,,
161,Ottawa Senators,Chris Leblanc\leblach01,US,RW,20,,South Shore (EJHL),,,,,,,,,,,,
162,Philadelphia Flyers,Merrick Madsen\madseme01,US,G,18,,Proctor Academy (High-NH),,,,,,,,,,,,
163,Phoenix Coyotes,Brendan Burke\burkebr01,US,G,18,,Portland (WHL),,,,,,,,,,,,
164,Pittsburgh Penguins,Dane Birks\birksda01,CA,D,18,,Merritt (BCHL),,,,,,,,,,,,
165,Columbus Blue Jackets,Markus Soberg\soberma01,NO,RW,18,,Frolunda Jr. (Sweden-Jr.),,,,,,,,,,,,
166,New York Islanders,Alan Quine\quineal01,CA,C,20,2016,Belleville (OHL),2,1,0,1,0,0,,,,,,
167,Minnesota Wild,Avery Peterson\peterav01,US,C,18,,Grand Rapids (High-MN),,,,,,,,,,,,
168,Ottawa Senators,Quentin Shore\shorequ01,US,C,19,,Denver (WCHA),,,,,,,,,,,,
169,Detroit Red Wings,Marc McNulty\mcnulma01,CA,D,18,,Prince George (WHL),,,,,,,,,,,,
170,New York Rangers,Mackenzie Skapski\skapsma01,CA,G,19,2015,Kootenay (WHL),2,0,0,0,0,0,2,2,0,0,.978,0.50
171,Nashville Predators,Tommy Veilleux\veillto01,CA,LW,18,,Victoriaville (QMJHL),,,,,,,,,,,,
172,Toronto Maple Leafs,Antoine Bibeau\bibeaan01,CA,G,19,,PEI (QMJHL),,,,,,,,,,,,
173,St. Louis Blues,Santeri Saari\saarisa01,FI,D,18,,Jokerit Jr. (Finland-Jr.),,,,,,,,,,,,
174,Washington Capitals,Brian Pinho\pinhobr01,US,C,18,,St. John'S Prep (High-MA),,,,,,,,,,,,
175,Vancouver Canucks,Mike Williamson\willimi01,CA,D,20,,Spruce Grove (AJHL),,,,,,,,,,,,
176,Montreal Canadiens,Jeremy Gregoire\gregoje01,CA,C,18,,Baie-Comeau (QMJHL),,,,,,,,,,,,
177,Anaheim Ducks,Miro Aaltonen\aaltomi01,FI,C,20,,Blues (Finland),,,,,,,,,,,,
178,Los Angeles Kings,Zachary Leslie\lesliza01,CA,D,19,,Guelph (OHL),,,,,,,,,,,,
179,Pittsburgh Penguins,Blaine Byron\byronbl01,CA,C,18,,Smiths Falls (CCHL),,,,,,,,,,,,
180,Boston Bruins,Anton Blidh\blidhan01,SE,LW,18,,Frolunda Jr. (Sweden-Jr.),,,,,,,,,,,,
181,Chicago Blackhawks,Anthony Louis\louisan01,US,C,18,,USA U-18 (USHL),,,,,,,,,,,,
,Round 7,Round 7,,,,,,NHL Scoring Stats,NHL Scoring Stats,NHL Scoring Stats,NHL Scoring Stats,NHL Scoring Stats,NHL Scoring Stats,NHL Goalie Stats,NHL Goalie Stats,NHL Goalie Stats,NHL Goalie Stats,NHL Goalie Stats,NHL Goalie Stats
Overall,Team,Player,Nat.,Pos,Age,To,Amateur Team,GP,G,A,PTS,+/-,PIM,GP,W,L,T/O,SV%,GAA
182,Dallas Stars,Aleksi Makela\makelal01,FI,D,18,,Ilves Jr. (Finland-Jr.),,,,,,,,,,,,
183,Colorado Avalanche,Wilhelm Westlund\westlwi01,SE,D,18,,Farjestad Jr. (Sweden-Jr.),,,,,,,,,,,,
184,Tampa Bay Lightning,Saku Salminen\salmisa01,FI,C,18,,K-Vantaa (Finland-2),,,,,,,,,,,,
185,Nashville Predators,Wade Murphy\murphwa01,CA,RW,19,,Penticton (BCHL),,,,,,,,,,,,
186,Tampa Bay Lightning,Joel Vermin\vermijo01,CH,RW,21,2016,Bern (Swiss),6,0,1,1,1,0,,,,,,
187,Calgary Flames,Rushan Rafikov\rafikru01,RU,D,18,,Yaroslavl 2 (Russia-Jr.),,,,,,,,,,,,
188,Edmonton Oilers,Gregory Chase\chasegr01,CA,C/RW,18,,Calgary (WHL),,,,,,,,,,,,
189,Buffalo Sabres,Eric Locke\lockeer01,US,C,19,,Saginaw (OHL),,,,,,,,,,,,
190,Winnipeg Jets,Brenden Kichton\kichtbr01,CA,D,21,,Spokane (WHL),,,,,,,,,,,,
191,Los Angeles Kings,Dominik Kubalik\kubaldo01,CZ,LW,18,,Sudbury (OHL),,,,,,,,,,,,
192,Philadelphia Flyers,David Drake\drakeda02,US,D,18,,Des Moines (USHL),,,,,,,,,,,,
193,Phoenix Coyotes,Jedd Soleway\solewje01,CA,C,19,,Penticton (BCHL),,,,,,,,,,,,
194,Winnipeg Jets,Marcus Karlstrom\karlsma02,SE,D,18,,AIK U18 (Sweden-Jr.),,,,,,,,,,,,
195,Columbus Blue Jackets,Peter Quenneville\quennpe01,CA,C/RW,19,,Dubuque (USHL),,,,,,,,,,,,
196,New York Islanders,Kyle Burroughs\burroky01,CA,D,18,,Regina (WHL),,,,,,,,,,,,
197,Minnesota Wild,Nolan De Jong\dejonno01,CA,D,18,,Victoria (WHL),,,,,,,,,,,,
198,Calgary Flames,John Gilmour\gilmojo01,CA,D,20,,Providence (H-East),,,,,,,,,,,,
199,Detroit Red Wings,Hampus Melen\melenha01,SE,RW,18,,Tingsryd (Sweden-Jr.),,,,,,,,,,,,
200,Minnesota Wild,Alexandre Belanger\belanal02,CA,G,18,,Rouyn-Noranda (QMJHL),,,,,,,,,,,,
201,San Jose Sharks,Jacob Jackson\jacksja02,US,C,18,,Tartan (High-MN),,,,,,,,,,,,
202,Toronto Maple Leafs,Andreas Johnson\johnsan01,SE,LW,18,,Frolunda Jr. (Sweden-Jr.),,,,,,,,,,,,
203,Nashville Predators,Janne Juvonen\juvonja01,FI,G,18,,Pelicans Jr. (Finland-Jr.),,,,,,,,,,,,
204,Washington Capitals,Tyler Lewington\lewinty01,CA,D,18,,Medicine Hat (WHL),,,,,,,,,,,,
205,Vancouver Canucks,Miles Liberati\libermi01,US,D,18,,London (OHL),,,,,,,,,,,,
206,Florida Panthers,MacKenzie Weegar\weegama01,CA,D,19,,Halifax (QMJHL),,,,,,,,,,,,
207,San Jose Sharks,Emil Galimov\galimem01,RU,LW,21,,Yaroslavl (Russia),,,,,,,,,,,,
208,New Jersey Devils,Anthony Brodeur\brodean01,US,G,18,,Shattuck-St.Marys Prep (High-MN),,,,,,,,,,,,
209,Pittsburgh Penguins,Troy Josephs\joseptr01,CA,C,19,,St. Michaels (OJHL),,,,,,,,,,,,
210,Boston Bruins,Mitchell Dempsey\dempsmi01,CA,LW,18,,Sault Ste. Marie (OHL),,,,,,,,,,,,
211,Chicago Blackhawks,Robin Press\pressro01,SE,D,18,,Sodertalje (Sweden-2),,,,,,,,,,,,